review_group;result_id;result_name;assumption_id;short_assumption;current_detail;review_status;proposed_revision;how_to_check;what_to_report;review_notes
ANOVA / covariance models;ancova;ANCOVA;ancova.one_metric_dependent_variable;One metric dependent variable;The variable should be quantitative enough that means, variances, distances, or linear model coefficients are meaningful. Check the scale, units, plausible range, and whether strong floor or ceiling effects make a metric interpretation questionable.;OK;;;;
ANOVA / covariance models;ancova;ANCOVA;ancova.one_or_more_categorical_independent_variables;One or more categorical independent variables;Categories should be mutually exclusive and coded consistently. Check that each case belongs to the intended category.;OK;;;;
ANOVA / covariance models;ancova;ANCOVA;ancova.one_or_more_metric_covariates;One or more metric covariates;Covariates should be quantitative predictors measured before or independently of the grouping variable. Check their scale, missingness, outliers, and whether they are conceptually appropriate controls.;OK;;;;
ANOVA / covariance models;ancova;ANCOVA;ancova.linear_relation_between_covariates_and_the_dependent_varia;Linear relation between covariates and the dependent variable;The association should be adequately described by a straight-line relation on the model scale. Scatterplots, partial residual plots, and fitted-vs-residual plots help detect curvature or threshold patterns.;OK;;;;
ANOVA / covariance models;ancova;ANCOVA;ancova.homogeneity_of_regression_slopes;Homogeneity of regression slopes;The relation between each covariate and the dependent variable should be similar across groups. Check covariate-by-group interactions;OK;;;;
ANOVA / covariance models;ancova;ANCOVA;ancova.normally_distributed_residuals_and_homogeneity_of_variance;Normally distributed residuals and homogeneity of variance;The relevant distribution should be approximately normal, usually within groups or for residuals rather than for the raw pooled data. Inspect histograms, Q-Q plots, residual plots, and outliers;OK;;;;
Regression / prediction models;logisticRegression;Binary logistic regression;logisticRegression.dichotomous_outcome_variable;Dichotomous outcome variable;Categories should be mutually exclusive and coded consistently. Check that each case belongs to the intended category, that reference categories are meaningful when models require them.;OK;;;;
Regression / prediction models;logisticRegression;Binary logistic regression;logisticRegression.independent_observations;Independent observations;One observation should not determine or duplicate another unless the method explicitly models that dependence. Repeated measurements, matched pairs, team membership, classrooms, clinics, studies from the same lab, or multiple rows per person can violate this assumption.;OK;;;;
Regression / prediction models;logisticRegression;Binary logistic regression;logisticRegression.no_strong_multicollinearity;No strong multicollinearity;Predictors should not be nearly redundant. Inspect correlations, variance inflation factors, condition indices, or unstable coefficients that change markedly when other predictors are added.;OK;;;;
Regression / prediction models;logisticRegression;Binary logistic regression;logisticRegression.sufficient_number_of_events;Sufficient number of events;There should be enough outcome events in each modeled category for stable estimation. Sparse outcomes can produce wide confidence intervals, separation, or unstable odds ratios.;OK;;;;
Mean / median / variance tests;binomialTest;Binomial test;binomialTest.two_level_categorical_variable;Two-level categorical variable;Categories should be mutually exclusive and coded consistently. Check that each case belongs to the intended category, that reference categories are meaningful when models require them.;OK;;;;
Mean / median / variance tests;binomialTest;Binomial test;binomialTest.theoretically_expected_proportion_is_defined;Theoretically expected proportion is defined;The model structure or hypothesis should be motivated before looking at the result. Document why paths, or expected proportions were chosen.;OK;;;;
Mean / median / variance tests;binomialTest;Binomial test;binomialTest.independent_observations;Independent observations;One observation should not determine or duplicate another unless the method explicitly models that dependence. Repeated measurements, matched pairs, team membership, classrooms, clinics, studies from the same lab, or multiple rows per person can violate this assumption.;OK;;;;
Mean / median / variance tests;binomialTest;Binomial test;binomialTest.fixed_number_of_trials_or_cases;Fixed number of trials or cases;The number of observations or trials should be determined by the design rather than by stopping after seeing the result. The expected probability should be defined before the observed count is evaluated.;OK;;;;
Association / frequency tests;chiSquareVariance;Chi-square test for one variance;chiSquareVariance.one_metric_variable;One metric variable;The variable should be quantitative enough that means, variances, distances, or linear model coefficients are meaningful. Check the scale, units, plausible range, and whether strong floor or ceiling effects make a metric interpretation questionable.;OK;;;;
Association / frequency tests;chiSquareVariance;Chi-square test for one variance;chiSquareVariance.known_or_theoretically_justified_population_variance;Known or theoretically justified population variance;The model structure or hypothesis should be motivated before looking at the result. Document why  population variance was chosen.;OK;;;;
Association / frequency tests;chiSquareVariance;Chi-square test for one variance;chiSquareVariance.independent_observations;Independent observations;One observation should not determine or duplicate another unless the method explicitly models that dependence. Repeated measurements, matched pairs, team membership, classrooms, clinics, studies from the same lab, or multiple rows per person can violate this assumption.;OK;;;;
Association / frequency tests;chiSquareVariance;Chi-square test for one variance;chiSquareVariance.normality_in_the_population;Normality in the population;The relevant distribution should be approximately normal, usually within groups or for residuals rather than for the raw pooled data. Inspect histograms, Q-Q plots, residual plots, and outliers;OK;;;;
Association / frequency tests;chiSquareAssociation;Chi-square test of independence;chiSquareAssociation.categorical_variables;Categorical variables;Categories should be mutually exclusive and coded consistently. Check that each case belongs to the intended category, that reference categories are meaningful when models require them, and that sparse categories are not driving unstable estimates.;OK;;;;
Association / frequency tests;chiSquareAssociation;Chi-square test of independence;chiSquareAssociation.independent_observations;Independent observations;One observation should not determine or duplicate another unless the method explicitly models that dependence. Repeated measurements, matched pairs, team membership, classrooms, clinics, studies from the same lab, or multiple rows per person can violate this assumption.;OK;;;;
Association / frequency tests;chiSquareAssociation;Chi-square test of independence;chiSquareAssociation.sufficient_expected_cell_counts;Sufficient expected cell counts;Expected frequencies should be large enough for asymptotic approximations to work. If many expected cells are small, combine substantively similar categories, use an exact test where available, or choose a model designed for sparse counts.;OK;;;;
Machine learning / exploratory grouping;clusterAnalysis;Cluster analysis;clusterAnalysis.features_describing_people_or_objects;Features describing people or objects;The variables used to define similarity should be relevant to the grouping goal. Remove identifiers, outcomes that should not define clusters, duplicate measures, and variables whose scale would dominate the solution.;OK;;;;
Machine learning / exploratory grouping;clusterAnalysis;Cluster analysis;clusterAnalysis.appropriate_scaling_or_standardisation;Appropriate scaling or standardisation;Put predictors on comparable scales before distance-based or component-based methods when units differ. Otherwise variables with larger numeric ranges can dominate the result.;OK;;;;
Machine learning / exploratory grouping;clusterAnalysis;Cluster analysis;clusterAnalysis.meaningful_distance_or_similarity_measure;Meaningful distance or similarity measure;The chosen distance or similarity measure should match the meaning of the variables and the research question. Check whether Euclidean, Manhattan, correlation-based, or other distances are most defensible.;OK;;;;
Machine learning / exploratory grouping;clusterAnalysis;Cluster analysis;clusterAnalysis.cluster_solution_is_substantively_interpretable;Cluster solution is substantively interpretable;The chosen grouping should make substantive sense, not merely optimize an algorithmic criterion. Compare alternative numbers of clusters and inspect whether clusters are stable, interpretable, and useful for the research question.;OK;;;;
Latent / exploratory structure;confirmatoryFactorAnalysis;Confirmatory factor analysis (CFA);confirmatoryFactorAnalysis.latent_constructs_are_predefined;Latent constructs are predefined;The model structure or hypothesis should be motivated before looking at the result. Document why paths and components were chosen.;OK;;;;
Latent / exploratory structure;confirmatoryFactorAnalysis;Confirmatory factor analysis (CFA);confirmatoryFactorAnalysis.multiple_indicators_per_factor;Multiple indicators per factor;For Confirmatory factor analysis (CFA), this condition should be checked against the research design, variable coding, descriptive statistics, and diagnostic plots before relying on the result.;OK;;;;
Latent / exploratory structure;confirmatoryFactorAnalysis;Confirmatory factor analysis (CFA);confirmatoryFactorAnalysis.the_item_factor_assignment_is_theoretically_justified;The item-factor assignment is theoretically justified;The model structure or hypothesis should be motivated before looking at the result. Document why the item were chosen.;OK;;;;
Latent / exploratory structure;confirmatoryFactorAnalysis;Confirmatory factor analysis (CFA);confirmatoryFactorAnalysis.adequate_sample_size;Adequate sample size;There should be enough information for the model or test to estimate effects reliably.;OK;;;;
Latent / exploratory structure;confirmatoryFactorAnalysis;Confirmatory factor analysis (CFA);confirmatoryFactorAnalysis.model_fit_and_local_misfit_should_be_evaluated;Model fit and local misfit should be evaluated;Evaluate global fit, local residuals, parameter estimates, and theoretically plausible alternatives. A statistically acceptable fit does not by itself make the model substantively correct.;OK;;;;
Meta-analysis;metaCorrelationAnalysis;Correlation-coefficient meta-analysis;metaCorrelationAnalysis.correlation_and_sample_size_available_for_each_study;Correlation and sample size available for each study;There should be enough information for the model or test to estimate effects reliably. Consider the number of groups, predictors, parameters, and studies rather than only the total N.;OK;;;;
Meta-analysis;metaCorrelationAnalysis;Correlation-coefficient meta-analysis;metaCorrelationAnalysis.studies_measure_comparable_constructs;Studies measure comparable constructs;For Correlation-coefficient meta-analysis, this condition should be checked against the research design, variable coding, descriptive statistics, and diagnostic plots before relying on the result.;OK;;;;
Meta-analysis;metaCorrelationAnalysis;Correlation-coefficient meta-analysis;metaCorrelationAnalysis.moderator_and_study_label_can_be_added;Moderator and Study Label can be added;For Correlation-coefficient meta-analysis, this condition should be checked against the research design and variable coding, before relying on the result.;OK;;;;
Meta-analysis;metaCorrelationAnalysis;Correlation-coefficient meta-analysis;metaCorrelationAnalysis.select_fixed_random_effects_moderator_analyses_and_publica;Select fixed/random effects, moderator analyses, and publication-bias checks in the model options;The data contain grouping structures such as repeated measures within participants or athletes within teams could be suitable for fixed effect. The random-effect structure should match the design question when heterogenity is expected. Publication bias should be examined with several methods. Moderator should be theorically justified;OK;;;;
Machine learning / exploratory grouping;decisionTreeClassifier;Decision tree classifier;decisionTreeClassifier.categorical_outcome_variable;Categorical outcome variable;Categories should be mutually exclusive and coded consistently. Check that each case belongs to the intended category, that reference categories are meaningful when models require them, and that sparse categories are not driving unstable estimates.;OK;;;;
Machine learning / exploratory grouping;decisionTreeClassifier;Decision tree classifier;decisionTreeClassifier.training_test_split_or_cross_validation;Training/test split or cross-validation;Evaluate predictive models on data not used to fit them. Use train/test splits, cross-validation, or external validation and report metrics that match the outcome and class balance.;OK;;;;
Machine learning / exploratory grouping;decisionTreeClassifier;Decision tree classifier;decisionTreeClassifier.pruning_or_depth_control_to_reduce_overfitting;Pruning or depth control to reduce overfitting;Flexible models can learn noise. Limit tree depth, prune, tune hyperparameters, or use validation data to check whether performance generalizes beyond the training sample.;OK;;;;
Machine learning / exploratory grouping;decisionTreeClassifier;Decision tree classifier;decisionTreeClassifier.inspect_class_distribution;Inspect class distribution;The model family should match the outcome scale and data-generating process, such as Gaussian for continuous outcomes, binomial/logit for binary outcomes, Poisson or negative binomial for counts, and cumulative links for ordinal outcomes.;OK;;;;
Regression / prediction models;decisionTreeRegression;Decision tree regression;decisionTreeRegression.metric_outcome_variable;Metric outcome variable;The variable should be quantitative enough that means, variances, distances, or linear model coefficients are meaningful. Check the scale, units, plausible range, and whether strong floor or ceiling effects make a metric interpretation questionable.;OK;;;;
Regression / prediction models;decisionTreeRegression;Decision tree regression;decisionTreeRegression.training_test_split_or_cross_validation;Training/test split or cross-validation;Evaluate predictive models on data not used to fit them. Use train/test splits, cross-validation, or external validation and report metrics that match the outcome and class balance.;OK;;;;
Regression / prediction models;decisionTreeRegression;Decision tree regression;decisionTreeRegression.pruning_or_depth_control_to_reduce_overfitting;Pruning or depth control to reduce overfitting;Flexible models can learn noise. Limit tree depth, prune, tune hyperparameters, or use validation data to check whether performance generalizes beyond the training sample.;OK;;;;
Regression / prediction models;decisionTreeRegression;Decision tree regression;decisionTreeRegression.predictors_are_meaningfully_coded;Predictors are meaningfully coded;Variable coding should match the analysis: categories, contrasts, missing values, dummy variables, and direction of scales should be checked before interpretation.;OK;;;;
Regression / prediction models;discriminantAnalysis;Discriminant analysis;discriminantAnalysis.nominal_dependent_variable_with_known_groups;Nominal dependent variable with known groups;Categories should be mutually exclusive and coded consistently. Check that each case belongs to the intended category, that reference categories are meaningful when models require them, and that sparse categories are not driving unstable estimates.;OK;;;;
Regression / prediction models;discriminantAnalysis;Discriminant analysis;discriminantAnalysis.interval_scaled_independent_variables;Interval-scaled independent variables;For Discriminant analysis, this condition should be checked against the research design, variable coding, descriptive statistics, and diagnostic plots before relying on the result.;OK;;;;
Regression / prediction models;discriminantAnalysis;Discriminant analysis;discriminantAnalysis.multivariate_normality_within_groups;Multivariate normality within groups;The relevant distribution should be approximately normal, usually within groups or for residuals rather than for the raw pooled data. Inspect histograms, Q-Q plots, residual plots, and outliers;OK;;;;
Regression / prediction models;discriminantAnalysis;Discriminant analysis;discriminantAnalysis.similar_covariance_matrices;Similar covariance matrices;Groups should have broadly similar covariance matrices among the dependent variables or predictors. Large differences can make multivariate tests or discriminant functions unstable, especially with small or unequal group sizes.;OK;;;;
Regression / prediction models;discriminantAnalysis;Discriminant analysis;discriminantAnalysis.adequate_group_sizes;Adequate group sizes;There should be enough information for the model or test to estimate effects reliably. Consider the number of groups, predictors, parameters, events, clusters, and studies rather than only the total N.;OK;;;;
Meta-analysis;metaEffectSizeAnalysis;Effect-size meta-analysis;metaEffectSizeAnalysis.effect_size_available_for_each_study;Effect size available for each study;Each study should provide a comparable effect estimate and a valid measure of uncertainty. Check coding direction, scale, transformation, and whether all studies use the same effect-size metric.;OK;;;;
Meta-analysis;metaEffectSizeAnalysis;Effect-size meta-analysis;metaEffectSizeAnalysis.variance_or_standard_error_available_for_each_effect_size;Variance or standard error available for each effect size;Each study should provide a comparable effect estimate and a valid measure of uncertainty. Check coding direction, scale, transformation, and whether all studies use the same effect-size metric.;OK;;;;
Meta-analysis;metaEffectSizeAnalysis;Effect-size meta-analysis;metaEffectSizeAnalysis.moderator_and_study_label_can_be_added;Moderator and Study Label can be added;For Effect-size meta-analysis, this condition should be checked against the research design, variable coding, descriptive statistics, and diagnostic plots before relying on the result.;OK;;;;
Meta-analysis;metaEffectSizeAnalysis;Effect-size meta-analysis;metaEffectSizeAnalysis.effect_size_type;Effect size type for each study;Effects size for studies with within and between participants design should not interchangable. Transform according to pre-registered decision.;OK;;;;
Meta-analysis;metaEffectSizeAnalysis;Effect-size meta-analysis;metaEffectSizeAnalysis.select_fixed_random_effects_moderator_analyses_and_publica;Select fixed/random effects, moderator analyses, and publication-bias checks in the model options;The data contain grouping structures such as repeated measures within participants or athletes within teams. The random-effect structure should match the design question and should be supported by enough clusters and observations per cluster.;OK;;;;
Mean / median / variance tests;varianceFTest;F-test for comparing two variances;varianceFTest.two_independent_samples;Two independent samples;One observation should not determine or duplicate another unless the method explicitly models that dependence. Repeated measurements, matched pairs, team membership, classrooms, clinics, studies from the same lab, or multiple rows per person can violate this assumption.;OK;;;;
Mean / median / variance tests;varianceFTest;F-test for comparing two variances;varianceFTest.metric_outcome_variable;Metric outcome variable;The variable should be quantitative enough that means, variances, distances, or linear model coefficients are meaningful. Check the scale, units, plausible range, and whether strong floor or ceiling effects make a metric interpretation questionable.;OK;;;;
Mean / median / variance tests;varianceFTest;F-test for comparing two variances;varianceFTest.normality_in_both_populations;Normality in both populations;The relevant distribution should be approximately normal, usually within groups or for residuals rather than for the raw pooled data. Inspect histograms, Q-Q plots, residual plots, and outliers;OK;;;;
Mean / median / variance tests;varianceFTest;F-test for comparing two variances;varianceFTest.sensitive_to_outliers_and_skew;Sensitive to outliers and skew;A few extreme or influential observations should not dominate the result. Inspect raw data, scatterplots, standardized residuals, leverage, and influence diagnostics before deciding whether values are errors, legitimate extremes, or reasons to use robust methods.;OK;;;;
Latent / exploratory structure;factorAnalysis;Factor analysis;factorAnalysis.several_metric_or_approximately_metric_variables;Several metric or approximately metric variables;The variable should be quantitative enough that means, variances, distances, or linear model coefficients are meaningful. Check the scale, units, plausible range, and whether strong floor or ceiling effects make a metric interpretation questionable.;OK;;;;
Latent / exploratory structure;factorAnalysis;Factor analysis;factorAnalysis.meaningful_correlations_among_variables;Meaningful correlations among variables;Variables should share enough common information for dimension reduction or latent structure to be meaningful. Very weak correlations suggest little shared structure;OK;;;;
Latent / exploratory structure;factorAnalysis;Factor analysis;factorAnalysis.adequate_sample_size;Adequate sample size;There should be enough information for the model or test to estimate effects reliably. Consider the number of  predictors, or parameters rather than only the total N.;OK;;;;
Latent / exploratory structure;factorAnalysis;Factor analysis;factorAnalysis.interpretable_factor_structure;Interpretable factor structure;The result should be explainable in the context of the construct, measurement scale, and research design. Avoid treating purely algorithmic groupings or dimensions as meaningful without substantive validation.;OK;;;;
Latent / exploratory structure;factorAnalysis;Factor analysis;factorAnalysis.no_a_priori_hypothesis_about_the_relationships_among_the_f;No a priori hypothesis about the relationships among the factors;The model structure or hypothesis should be motivated before looking at the result. Document why paths, factors, covariates, subgroups, or expected proportions were chosen.;OK;;;;
ANOVA / covariance models;twoWayAnova;Factorial ANOVA (two or more factors);twoWayAnova.two_or_more_categorical_independent_factors;Two or more categorical independent factors;Categories should be mutually exclusive and coded consistently. Check that each case belongs to the intended category, that reference categories are meaningful when models require them, and that sparse categories are not driving unstable estimates.;OK;;;;
ANOVA / covariance models;twoWayAnova;Factorial ANOVA (two or more factors);twoWayAnova.metric_outcome_variable;Metric outcome variable;The variable should be quantitative enough that means, variances, distances, or linear model coefficients are meaningful. Check the scale, units, plausible range, and whether strong floor or ceiling effects make a metric interpretation questionable.;OK;;;;
ANOVA / covariance models;twoWayAnova;Factorial ANOVA (two or more factors);twoWayAnova.independent_observations;Independent observations;One observation should not determine or duplicate another unless the method explicitly models that dependence. Repeated measurements, matched pairs, team membership, classrooms, clinics, studies from the same lab, or multiple rows per person can violate this assumption.;OK;;;;
ANOVA / covariance models;twoWayAnova;Factorial ANOVA (two or more factors);twoWayAnova.normality_within_cells;Normality within cells;The relevant distribution should be approximately normal, usually within groups or for residuals rather than for the raw pooled data. Inspect histograms, Q-Q plots, residual plots, and outliers;OK;;;;
ANOVA / covariance models;twoWayAnova;Factorial ANOVA (two or more factors);twoWayAnova.homogeneity_of_variances;Homogeneity of variances;Groups or fitted values should show roughly comparable variability. Use residual plots, group standard deviations, Levene-type checks, or robust/Welch alternatives when variability differs strongly.;OK;;;;
ANOVA / covariance models;twoWayRepeatedAnova;Factorial repeated-measures ANOVA (two or more factors);twoWayRepeatedAnova.at_least_one_repeated_measures_factor;At least one repeated-measures factor;For Factorial repeated-measures ANOVA (two or more factors), this condition should be checked against the research design, variable coding, descriptive statistics, and diagnostic plots before relying on the result.;OK;;;;
ANOVA / covariance models;twoWayRepeatedAnova;Factorial repeated-measures ANOVA (two or more factors);twoWayRepeatedAnova.metric_outcome_variable;Metric outcome variable;The variable should be quantitative enough that means, variances, distances, or linear model coefficients are meaningful. Check the scale, units, plausible range, and whether strong floor or ceiling effects make a metric interpretation questionable.;OK;;;;
ANOVA / covariance models;twoWayRepeatedAnova;Factorial repeated-measures ANOVA (two or more factors);twoWayRepeatedAnova.sphericity_or_suitable_correction;Sphericity or suitable correction;For repeated-measures factors with more than two levels, the variances of the pairwise differences should be similar. If this is doubtful, report a correction such as Greenhouse-Geisser or use a mixed-model approach.;OK;;;;
ANOVA / covariance models;twoWayRepeatedAnova;Factorial repeated-measures ANOVA (two or more factors);twoWayRepeatedAnova.balanced_assignment_of_time_points_or_conditions;Balanced assignment of time points or conditions;For Factorial repeated-measures ANOVA (two or more factors), this condition should be checked against the research design, variable coding. Ensures that every articipant, or item experiences different conditions or time points equally;OK;;;;
Association / frequency tests;fisher;Fisher's exact test;fisher.dichotomous_categorical_variables;Dichotomous categorical variables;Categories should be mutually exclusive and coded consistently. Check that each case belongs to the intended category, that reference categories are meaningful when models require them, and that sparse categories are not driving unstable estimates.;OK;;;;
Association / frequency tests;fisher;Fisher's exact test;fisher.independent_observations;Independent observations;One observation should not determine or duplicate another unless the method explicitly models that dependence. Repeated measurements, matched pairs, team membership, classrooms, clinics, studies from the same lab, or multiple rows per person can violate this assumption.;OK;;;;
Association / frequency tests;fisher;Fisher's exact test;fisher.small_expected_counts;Small expected counts;Expected frequencies should be large enough for asymptotic approximations to work. If many expected cells are small, combine substantively similar categories, use an exact test where available, or choose a model designed for sparse counts.;OK;;;;
Meta-analysis;fixedEffectMetaAnalysis;Fixed-effect meta-analysis;fixedEffectMetaAnalysis.several_independent_studies_or_effect_sizes;Several independent studies or effect sizes;One observation should not determine or duplicate another unless the method explicitly models that dependence. Repeated measurements, matched pairs, team membership, classrooms, clinics, studies from the same lab, or multiple rows per person can violate this assumption.;OK;;;;
Meta-analysis;fixedEffectMetaAnalysis;Fixed-effect meta-analysis;fixedEffectMetaAnalysis.common_effect_size_and_standard_error_variance_available;Common effect size and standard error/variance available;Each study should provide a comparable effect estimate and a valid measure of uncertainty. Check coding direction, scale, transformation, and whether all studies use the same effect-size metric.;OK;;;;
Meta-analysis;fixedEffectMetaAnalysis;Fixed-effect meta-analysis;fixedEffectMetaAnalysis.studies_are_substantively_very_similar;Studies are substantively very similar;For Fixed-effect meta-analysis, this condition should be checked against the research design, variable coding, descriptive statistics, and diagnostic plots before relying on the result.;OK;;;;
Meta-analysis;fixedEffectMetaAnalysis;Fixed-effect meta-analysis;fixedEffectMetaAnalysis.heterogeneity_is_low;Heterogeneity is low;Effects may still differ across studies or subgroups. Report heterogeneity statistics and interpret them together with study design, populations, measures, and interventions.;OK;;;;
Mean / median / variance tests;friedman;Friedman test;friedman.several_paired_measurements;Several paired measurements;Measurements must be correctly linked within the same person, object, team, study, or matched pair. The analysis uses these links, so missing or incorrectly matched rows can change both the estimate and the standard error.;OK;;;;
Mean / median / variance tests;friedman;Friedman test;friedman.at_least_ordinal_values;At least ordinal values;The values must at least have a meaningful order. The exact distance between adjacent response categories does not need to be equal, which is why rank-based or ordinal models can be more appropriate than mean-based tests.;OK;;;;
Mean / median / variance tests;friedman;Friedman test;friedman.same_cases_in_all_conditions;Same cases in all conditions;Measurements must be correctly linked within the same person, object, team, study, or matched pair. The analysis uses these links, so missing or incorrectly matched rows can change both the estimate and the standard error.;OK;;;;
Mixed models;generalizedLinearMixedModel;Generalized linear mixed model;generalizedLinearMixedModel.dichotomous_categorical_or_count_dependent_variable;Dichotomous, categorical, or count dependent variable;Categories should be mutually exclusive and coded consistently. Check that each case belongs to the intended category, that reference categories are meaningful when models require them, and that sparse categories are not driving unstable estimates.;OK;;;;
Mixed models;generalizedLinearMixedModel;Generalized linear mixed model;generalizedLinearMixedModel.appropriate_link_function_and_distribution;Appropriate link function and distribution;The model family should match the outcome scale and data-generating process, such as Gaussian for continuous outcomes, binomial/logit for binary outcomes, Poisson or negative binomial for counts, and cumulative links for ordinal outcomes.;OK;;;;
Mixed models;generalizedLinearMixedModel;Generalized linear mixed model;generalizedLinearMixedModel.clusters_or_persons_entered_as_random_effects;Clusters or persons entered as random effects;The data contain grouping structures such as repeated measures within participants or athletes within teams. The random-effect structure should match the design question and should be supported by enough clusters and observations per cluster.;OK;;;;
Mixed models;generalizedLinearMixedModel;Generalized linear mixed model;generalizedLinearMixedModel.adequate_events_per_parameter;Adequate events per parameter;There should be enough information for the model or test to estimate effects reliably. Consider the number of groups, predictors and parameters rather than only the total N.;OK;;;;
Mean / median / variance tests;independentT;Independent-samples t-test;independentT.two_independent_groups;Two independent groups;One observation should not determine or duplicate another unless the method explicitly models that dependence. Repeated measurements, matched pairs, team membership, classrooms, clinics, studies from the same lab, or multiple rows per person can violate this assumption.;OK;;;;
Mean / median / variance tests;independentT;Independent-samples t-test;independentT.metric_outcome_variable;Metric outcome variable;The variable should be quantitative enough that means, variances, distances, or linear model coefficients are meaningful. Check the scale, units, plausible range, and whether strong floor or ceiling effects make a metric interpretation questionable.;OK;;;;
Mean / median / variance tests;independentT;Independent-samples t-test;independentT.approximate_normality;Approximate normality;The relevant distribution should be approximately normal, usually within groups or for residuals rather than for the raw pooled data. Inspect histograms, normality test, Q-Q plots, residual plots, and outliers;OK;;;;
Mean / median / variance tests;independentT;Independent-samples t-test;independentT.equal_variances_or_welch_correction;Equal variances or Welch correction;Groups or fitted values should show roughly comparable variability. Use residual plots, group standard deviations, Levene-type checks, or robust/Welch alternatives when variability differs strongly.;OK;;;;
Machine learning / exploratory grouping;knnClassifier;k-nearest neighbors classifier;knnClassifier.categorical_outcome_variable;Categorical outcome variable;Categories should be mutually exclusive and coded consistently. Check that each case belongs to the intended category, that reference categories are meaningful when models require them, and that sparse categories are not driving unstable estimates.;OK;;;;
Machine learning / exploratory grouping;knnClassifier;k-nearest neighbors classifier;knnClassifier.scaled_standardised_predictors;Scaled/standardised predictors;Put predictors on comparable scales before distance-based or component-based methods when units differ. Otherwise variables with larger numeric ranges can dominate the result.;OK;;;;
Machine learning / exploratory grouping;knnClassifier;k-nearest neighbors classifier;knnClassifier.meaningful_distance_metric;Meaningful distance metric;The chosen distance or similarity measure should match the meaning of the variables and the research question. Check whether Euclidean, Manhattan, correlation-based, or other distances are most defensible.;OK;;;;
Machine learning / exploratory grouping;knnClassifier;k-nearest neighbors classifier;knnClassifier.choose_k_and_weighting_using_validation;Choose k and weighting using validation;Evaluate predictive models on data not used to fit them. Use train/test splits, cross-validation, or external validation and report metrics that match the outcome and class balance.;OK;;;;
Regression / prediction models;knnRegression;k-nearest neighbors regression;knnRegression.metric_outcome_variable;Metric outcome variable;The variable should be quantitative enough that means, variances, distances, or linear model coefficients are meaningful. Check the scale, units, plausible range, and whether strong floor or ceiling effects make a metric interpretation questionable.;OK;;;;
Regression / prediction models;knnRegression;k-nearest neighbors regression;knnRegression.scaled_standardised_predictors;Scaled/standardised predictors;Put predictors on comparable scales before distance-based or component-based methods when units differ. Otherwise variables with larger numeric ranges can dominate the result.;OK;;;;
Regression / prediction models;knnRegression;k-nearest neighbors regression;knnRegression.meaningful_distance_metric;Meaningful distance metric;The chosen distance or similarity measure should match the meaning of the variables and the research question. Check whether Euclidean, Manhattan, correlation-based, or other distances are most defensible.;OK;;;;
Regression / prediction models;knnRegression;k-nearest neighbors regression;knnRegression.choose_k_using_validation;Choose k using validation;Evaluate predictive models on data not used to fit them. Use train/test splits, cross-validation, or external validation and report metrics that match the outcome and class balance.;OK;;;;
Association / frequency tests;kendall;Kendall's rank correlation;kendall.at_least_ordinal_scale_level;At least ordinal scale level;The values must at least have a meaningful order. The exact distance between adjacent response categories does not need to be equal, which is why rank-based or ordinal models can be more appropriate than mean-based tests.;OK;;;;
Association / frequency tests;kendall;Kendall's rank correlation;kendall.monotonic_relationship;Monotonic relationship;As one variable increases, the other should tend to move consistently upward or downward, even if the relation is not linear. A scatterplot or rank plot is usually the clearest check.;OK;;;;
Association / frequency tests;kendall;Kendall's rank correlation;kendall.independent_observations;Independent observations;One observation should not determine or duplicate another unless the method explicitly models that dependence. Repeated measurements, matched pairs, team membership, classrooms, clinics, studies from the same lab, or multiple rows per person can violate this assumption.;OK;;;;
Association / frequency tests;kendall;Kendall's rank correlation;kendall.useful_with_ties_or_smaller_samples;Useful with ties or smaller samples;For Kendall's rank correlation, this condition should be checked against the research design, variable coding, descriptive statistics, and diagnostic plots before relying on the result.;OK;;;;
Mean / median / variance tests;kruskalWallis;Kruskal-Wallis test;kruskalWallis.several_independent_groups;Several independent groups;One observation should not determine or duplicate another unless the method explicitly models that dependence. Repeated measurements, matched pairs, team membership, classrooms, clinics, studies from the same lab, or multiple rows per person can violate this assumption.;OK;;;;
Mean / median / variance tests;kruskalWallis;Kruskal-Wallis test;kruskalWallis.at_least_ordinal_outcome;At least ordinal outcome;The values must at least have a meaningful order. The exact distance between adjacent response categories does not need to be equal, which is why rank-based or ordinal models can be more appropriate than mean-based tests.;OK;;;;
Mean / median / variance tests;kruskalWallis;Kruskal-Wallis test;kruskalWallis.independent_observations;Independent observations;One observation should not determine or duplicate another unless the method explicitly models that dependence. Repeated measurements, matched pairs, team membership, classrooms, clinics, studies from the same lab, or multiple rows per person can violate this assumption.;OK;;;;
Mixed models;linearMixedModel;Linear mixed model;linearMixedModel.metric_dependent_variable;Metric dependent variable;The variable should be quantitative enough that means, variances, distances, or linear model coefficients are meaningful. Check the scale, units, plausible range, and whether strong floor or ceiling effects make a metric interpretation questionable.;OK;;;;
Mixed models;linearMixedModel;Linear mixed model;linearMixedModel.observations_nested_within_people_teams_or_measurement_occ;Observations nested within people, teams, or measurement occasions;The data contain grouping structures such as repeated measures within participants or athletes within teams. The random-effect structure should match the design question and should be supported by enough clusters and observations per cluster.;OK;;;;
Mixed models;linearMixedModel;Linear mixed model;linearMixedModel.random_effects_are_theoretically_justified;Random effects are theoretically justified;The data contain grouping structures such as repeated measures within participants or athletes within teams. The random-effect structure should match the design question and should be supported by enough clusters and observations per cluster.;OK;;;;
Mixed models;linearMixedModel;Linear mixed model;linearMixedModel.check_residual_diagnostics_and_variance_structure;Check residual diagnostics and variance structure;Inspect residual plots, Q-Q plots, fitted-vs-residual patterns, and the estimated variance components. For mixed models, check whether the random-effect structure is plausible and whether residual variance differs across groups or time points.;OK;;;;
Regression / prediction models;linearRegression;Linear regression;linearRegression.metric_outcome_variable;Metric outcome variable;The variable should be quantitative enough that means, variances, distances, or linear model coefficients are meaningful. Check the scale, units, plausible range, and whether strong floor or ceiling effects make a metric interpretation questionable.;OK;;;;
Regression / prediction models;linearRegression;Linear regression;linearRegression.linear_relationships;Linear relationships;The association should be adequately described by a straight-line relation on the model scale. Scatterplots, partial residual plots, and fitted-vs-residual plots help detect curvature or threshold patterns.;OK;;;;
Regression / prediction models;linearRegression;Linear regression;linearRegression.independent_residuals;Independent residuals;Model errors should not show systematic dependence across time, persons, groups, or measurement order. Check the study design first, then inspect residual plots or autocorrelation if observations are ordered.;OK;;;;
Regression / prediction models;linearRegression;Linear regression;linearRegression.homoscedasticity_and_residual_diagnostics;Homoscedasticity and residual diagnostics;Groups or fitted values should show roughly comparable variability. Use residual plots, group standard deviations, Levene-type checks, or robust/Welch alternatives when variability differs strongly.;OK;;;;
Regression / prediction models;linearRegression;Linear regression;linearRegression.prediction_or_association_not_causality_by_itself;Prediction or association, not causality by itself;The statistical model alone does not establish causality. Causal interpretation requires design support such as randomization, temporal ordering, strong theory, careful confounder control, and sensitivity analysis.;OK;;;;
Regression / prediction models;logLinearModel;Log-linear model;logLinearModel.several_nominal_variables;Several nominal variables;Categories should be mutually exclusive and coded consistently. Check that each case belongs to the intended category, that reference categories are meaningful when models require them, and that sparse categories are not driving unstable estimates.;OK;;;;
Regression / prediction models;logLinearModel;Log-linear model;logLinearModel.frequency_data_in_a_contingency_table;Frequency data in a contingency table;For Log-linear model, this condition should be checked against the research design, variable coding, descriptive statistics, and diagnostic plots before relying on the result.;OK;;;;
Regression / prediction models;logLinearModel;Log-linear model;logLinearModel.independent_observations;Independent observations;One observation should not determine or duplicate another unless the method explicitly models that dependence. Repeated measurements, matched pairs, team membership, classrooms, clinics, studies from the same lab, or multiple rows per person can violate this assumption.;OK;;;;
Regression / prediction models;logLinearModel;Log-linear model;logLinearModel.sufficient_expected_cell_counts;Sufficient expected cell counts;Expected frequencies should be large enough for asymptotic approximations to work. If many expected cells are small, combine substantively similar categories, use an exact test where available, or choose a model designed for sparse counts.;OK;;;;
ANOVA / covariance models;mancova;MANCOVA;mancova.two_or_more_metric_dependent_variables;Two or more metric dependent variables;The variable should be quantitative enough that means, variances, distances, or linear model coefficients are meaningful. Check the scale, units, plausible range, and whether strong floor or ceiling effects make a metric interpretation questionable.;OK;;;;
ANOVA / covariance models;mancova;MANCOVA;mancova.one_or_more_categorical_independent_variables;One or more categorical independent variables;Categories should be mutually exclusive and coded consistently. Check that each case belongs to the intended category, that reference categories are meaningful when models require them, and that sparse categories are not driving unstable estimates.;OK;;;;
ANOVA / covariance models;mancova;MANCOVA;mancova.one_or_more_metric_covariates;One or more metric covariates;Covariates should be quantitative predictors measured before or independently of the grouping variable. Check their scale, missingness, outliers, and whether they are conceptually appropriate controls.;OK;;;;
ANOVA / covariance models;mancova;MANCOVA;mancova.linear_relation_between_covariates_and_dependent_variables;Linear relation between covariates and dependent variables;The association should be adequately described by a straight-line relation on the model scale. Scatterplots, partial residual plots, and fitted-vs-residual plots help detect curvature or threshold patterns.;OK;;;;
ANOVA / covariance models;mancova;MANCOVA;mancova.homogeneity_of_regression_slopes;Homogeneity of regression slopes;The relation between each covariate and the dependent variable should be similar across groups. Check covariate-by-group interactions;OK;;;;
ANOVA / covariance models;mancova;MANCOVA;mancova.multivariate_normality_and_homogeneity_of_covariance_matri;Multivariate normality and homogeneity of covariance matrices;The relevant distribution should be approximately normal, usually within groups or for residuals rather than for the raw pooled data. Inspect histograms, Q-Q plots, residual plots, and outliers;OK;;;;
Mean / median / variance tests;mannWhitney;Mann-Whitney U test;mannWhitney.two_independent_groups;Two independent groups;One observation should not determine or duplicate another unless the method explicitly models that dependence. Repeated measurements, matched pairs, team membership, classrooms, clinics, studies from the same lab, or multiple rows per person can violate this assumption.;OK;;;;
Mean / median / variance tests;mannWhitney;Mann-Whitney U test;mannWhitney.at_least_ordinal_outcome;At least ordinal outcome;The values must at least have a meaningful order. The exact distance between adjacent response categories does not need to be equal, which is why rank-based or ordinal models can be more appropriate than mean-based tests.;OK;;;;
Mean / median / variance tests;mannWhitney;Mann-Whitney U test;mannWhitney.similar_distribution_shapes_for_location_interpretation;Similar distribution shapes for location interpretation;The model family should match the outcome scale and data-generating process, such as cumulative links for ordinal outcomes.;OK;;;;
ANOVA / covariance models;manova;MANOVA;manova.two_or_more_metric_dependent_variables;Two or more metric dependent variables;The variable should be quantitative enough that means, variances, distances, or linear model coefficients are meaningful. Check the scale, units, plausible range, and whether strong floor or ceiling effects make a metric interpretation questionable.;OK;;;;
ANOVA / covariance models;manova;MANOVA;manova.one_or_more_categorical_independent_variables;One or more categorical independent variables;Categories should be mutually exclusive and coded consistently. Check that each case belongs to the intended category, that reference categories are meaningful when models require them, and that sparse categories are not driving unstable estimates.;OK;;;;
ANOVA / covariance models;manova;MANOVA;manova.independent_observations;Independent observations;One observation should not determine or duplicate another unless the method explicitly models that dependence. Repeated measurements, matched pairs, team membership, classrooms, clinics, studies from the same lab, or multiple rows per person can violate this assumption.;OK;;;;
ANOVA / covariance models;manova;MANOVA;manova.multivariate_normality_within_groups;Multivariate normality within groups;The relevant distribution should be approximately normal, usually within groups or for residuals rather than for the raw pooled data. Inspect histograms, Q-Q plots, residual plots, and outliers;OK;;;;
ANOVA / covariance models;manova;MANOVA;manova.homogeneity_of_covariance_matrices;Homogeneity of covariance matrices;Groups should have broadly similar covariance matrices among the dependent variables or predictors. Large differences can make multivariate tests or discriminant functions unstable, especially with small or unequal group sizes. Use Box's M test to evaluate the null hypothesis that the variance-covariance matrices of the dependent variables are equal across all groups. ;OK;;;;
ANOVA / covariance models;manova;MANOVA;manova.meaningful_correlations_among_dependent_variables;Meaningful correlations among dependent variables;"Variables should share enough common information for dimension reduction or latent structure to be meaningful. 
The dependent variables should be moderately correlated (typically between 0.3 and 0.8). Very weak correlations suggest little shared structure. If dependent variables are too highly correlated, they become redundant and violate MANOVA’s multicollinearity assumption.
";OK;;;;
Association / frequency tests;mcnemar;McNemar test;mcnemar.two_paired_dichotomous_measurements;Two paired dichotomous measurements;Categories should be mutually exclusive and coded consistently. Check that each case belongs to the intended category, that reference categories are meaningful when models require them, and that sparse categories are not driving unstable estimates.;OK;;;;
Association / frequency tests;mcnemar;McNemar test;mcnemar.paired_data;Paired data;Measurements must be correctly linked within the same person, object, team, study, or matched pair. The analysis uses these links, so missing or incorrectly matched rows can change both the estimate and the standard error.;OK;;;;
Association / frequency tests;mcnemar;McNemar test;mcnemar.discordant_pairs_are_relevant;Discordant pairs are relevant;"For McNemar test, this condition should be checked against the research design, variable coding, descriptive statistics, and diagnostic plots before relying on the result.
McNemar's Test focuses exclusively on the discordant pairs, those participants who changed their response. Use those values to calculate the Odds ratio.";OK;;;;
Meta-analysis;metaMeanDifferenceAnalysis;Mean-difference meta-analysis;metaMeanDifferenceAnalysis.n_m_and_sd_available_for_each_group;n, M, and SD available for each group;For Mean-difference meta-analysis, this condition should be checked against the research design, variable coding, descriptive statistics, and diagnostic plots before relying on the result.;OK;;;;
Meta-analysis;metaMeanDifferenceAnalysis;Mean-difference meta-analysis;metaMeanDifferenceAnalysis.groups_and_measurement_scales_are_comparable;Groups and measurement scales are comparable;"For Mean-difference meta-analysis, this condition should be checked against the research design, variable coding, descriptive statistics, before relying on the result.
Be sure if the study design is within or between participants before combining different studies into the meta analysis.";OK;;;;
Meta-analysis;metaMeanDifferenceAnalysis;Mean-difference meta-analysis;metaMeanDifferenceAnalysis.moderator_and_study_label_can_be_added;Moderator and Study Label can be added;For Mean-difference meta-analysis, moderators should be a-priori justified.;OK;;;;
Meta-analysis;metaMeanDifferenceAnalysis;Mean-difference meta-analysis;metaMeanDifferenceAnalysis.select_fixed_random_effects_moderator_analyses_and_publica;Select fixed/random effects (depeding on the heterogenity expected), moderator analyses, and publication-bias checks in the model options;The data contain grouping structures such as repeated measures within participants or athletes within teams. The random-effect structure should match the design question and should be supported by enough clusters and observations per cluster.;OK;;;;
Meta-analysis;majorMetaAnalysis;Meta-analysis;majorMetaAnalysis.several_independent_studies_or_effect_sizes;Several independent studies or effect sizes;One observation should not determine or duplicate another unless the method explicitly models that dependence. If several outcomes are obtained from the same sample size, consider to run a multivariate meta-analysis, or combine outcomes in a compositive score (if possible) or choose the main dependant variable of interest.;OK;;;;
Meta-analysis;majorMetaAnalysis;Meta-analysis;majorMetaAnalysis.input_data_match_the_selected_option;Input data match the selected option;For Meta-analysis, this condition should be checked against the research design, variable coding, descriptive statistics, and diagnostic plots before relying on the result.;OK;;;;
Meta-analysis;majorMetaAnalysis;Meta-analysis;majorMetaAnalysis.justify_fixed_vs_random_effects_from_study_design_and_hete;Justify fixed vs. random effects from study design and heterogeneity;If data contain grouping structures such as repeated measures within participants or athletes within teams, a fixed-effect meta-analysis could be appropiated. The random-effect structure should match the design question and should be supported by enough observations and heterogenity.;OK;;;;
Meta-analysis;majorMetaAnalysis;Meta-analysis;majorMetaAnalysis.report_moderator_analyses_and_publication_bias_checks_as_o;Report moderator analyses and publication-bias checks as optional follow-up analyses;"Publication-bias diagnostics require enough comparable studies and are not definitive. Funnel asymmetry can reflect bias and small study effect, heterogeneity, study quality, or chance.
Consider multiple publication bias methods before reaching a conclusion.";OK;;;;
Meta-analysis;metaRegression;Meta-regression;metaRegression.enough_studies;Enough studies;"For Meta-regression, this condition should be checked against the research design and objetive of the research before relying on the result.
Formally, a meta-analysis can be conducted with as few as two empirical studies. From a practical perspective, however, you may wish to consider broadening its scope—and thereby increasing the number of included studies—to make the analysis more informative and compelling.";OK;;;;
Meta-analysis;metaRegression;Meta-regression;metaRegression.moderator_measured_at_study_level;Moderator measured at study level;For Meta-regression, this condition should be checked against the research design, variable coding, descriptive statistics, and diagnostic plots before relying on the result.;OK;;;;
Meta-analysis;metaRegression;Meta-regression;metaRegression.same_effect_metric;Same effect metric;For Meta-regression, this condition should be checked against the research design and variable coding.;OK;;;;
Meta-analysis;metaRegression;Meta-regression;metaRegression.ecological_interpretation_considered;Ecological interpretation considered;For Meta-regression, this condition should be checked against the research design before relying on the result.;OK;;;;
Other;multidimensionalScaling;Multidimensional scaling;multidimensionalScaling.distance_or_dissimilarity_matrix;Distance or dissimilarity matrix;"The chosen distance or similarity measure should match the meaning of the variables and the research question. Check whether Euclidean, Manhattan, correlation-based, or other distances are most defensible.
 Manhattan distance measures the path along grid lines (like city blocks), Euclidean distance measures the straight-line distance between two points. Manhattan distance might be more suitable for grid-based systems or high-dimensional data, while Euclidean distance might be better for open spaces or continuous data.";OK;;;;
Other;multidimensionalScaling;Multidimensional scaling;multidimensionalScaling.people_or_objects_are_comparable;People or objects are comparable;For Multidimensional scaling, this condition should be checked against the research design, variable coding, and descriptive statistics before relying on the result.;OK;;;;
Other;multidimensionalScaling;Multidimensional scaling;multidimensionalScaling.number_of_dimensions_chosen_using_stress_and_interpretabil;Number of dimensions chosen using stress and interpretability;"For Multidimensional scaling, the goal is to find the simplest configuration that accurately represents the data structure.
Use a Shepard diagram to evaluate the accuracy of dimension and the ""elbow method"" to chose the optimal number of dimensions (a scatter plot with stress on the y-axis and the number of dimensions on the x-axis).";OK;;;;
Other;multidimensionalScaling;Multidimensional scaling;multidimensionalScaling.primarily_an_exploratory_representation;Primarily an exploratory representation;For Multidimensional scaling, helps identify hidden clusters, gradients, and outliers without assuming a normal distribution and MDS can be applied to any arbitrary distance, similarity, or confusion matrix;OK;;;;
Regression / prediction models;multinomialRegression;Multinomial logistic regression;multinomialRegression.multicategory_categorical_outcome;Multicategory categorical outcome;Categories should be mutually exclusive and coded consistently. Check that each case belongs to the intended category, that reference categories are meaningful when models require them, and that sparse categories are not driving unstable estimates.;OK;;;;
Regression / prediction models;multinomialRegression;Multinomial logistic regression;multinomialRegression.independent_observations;Independent observations;One observation should not determine or duplicate another unless the method explicitly models that dependence. Repeated measurements, matched pairs, team membership, classrooms, clinics, studies from the same lab, or multiple rows per person can violate this assumption.;Ok;;;;
Regression / prediction models;multinomialRegression;Multinomial logistic regression;multinomialRegression.Independence of Irrelevant Alternatives.;Independence of Irrelevant Alternatives (IIA);The odds of preferring one category over another must not change if a third category is added or removed;OK;;;;
Regression / prediction models;multinomialRegression;Multinomial logistic regression;multinomialRegression.no_Multicolinearity;No Multicollinearity; Independent variables should not be highly correlated with one another.;OK;;;;
Regression / prediction models;multinomialRegression;Multinomial logistic regression;multinomialRegression.meaningful_reference_category;Meaningful reference category;The baseline category should be substantively meaningful because model coefficients are interpreted relative to it. Record the chosen reference category before reporting odds ratios or contrasts.;OK;;;;
Machine learning / exploratory grouping;naiveBayes;Naive Bayes classifier;naiveBayes.categorical_outcome_variable;Categorical outcome variable;Categories should be mutually exclusive and coded consistently. Check that each case belongs to the intended category, that reference categories are meaningful when models require them, and that sparse categories are not driving unstable estimates.;OK;;;;
Machine learning / exploratory grouping;naiveBayes;Naive Bayes classifier;naiveBayes.predictors_are_treated_as_approximately_conditionally_inde;Predictors are treated as approximately conditionally independent;"For Naive Bayes classifier, this condition should be checked against the research design and variable coding.
The algorithm assumes the presence or value of one feature does not influence any other feature, allowing the joint probability to be calculated as the simple product of individual probabilities";OK;;;;
Machine learning / exploratory grouping;naiveBayes;Naive Bayes classifier;naiveBayes.suitable_distribution_for_metric_features;Suitable distribution for metric features;"The model family should match the outcome scale and data-generating process, such as Gaussian for continuous outcomes.
 It assumes that the continuous values associated with each class are distributed according to a bell curve.";OK;;;;
Machine learning / exploratory grouping;naiveBayes;Naive Bayes classifier;naiveBayes.check_predicted_probabilities_with_validation_data;Check predicted probabilities with validation data;"Evaluate predictive models on data not used to fit them. 
The generated probabilities act as relative rankings rather than perfectly calibrated true probabilities.";OK;;;;
Latent / exploratory structure;networkAnalysis;Network analysis;networkAnalysis.several_metric_or_ordinal_variables;Several metric or ordinal variables;The values must at least have a meaningful order. The exact distance between adjacent response categories does not need to be equal, which is why rank-based or ordinal models can be more appropriate than mean-based tests.;OK;;;;
Latent / exploratory structure;networkAnalysis;Network analysis;networkAnalysis.edges_are_interpreted_as_conditional_associations;Edges are interpreted as conditional associations;"For Network analysis, this condition should be checked against the research design, and variable coding,
The connection between two nodes indicates a relationship that exists after controlling for all other variables in the network.";OK;;;;
Latent / exploratory structure;networkAnalysis;Network analysis;networkAnalysis.adequate_sample_size;Adequate sample size;"There should be enough information for the model or test to estimate effects reliably.
 A higher ratio between sample size (n) and number of variables (k) significantly improves the estimation of true edges and reduces bias.";OK;;;;
Latent / exploratory structure;networkAnalysis;Network analysis;networkAnalysis.network_stability_and_robustness_should_be_checked;Network stability and robustness should be checked;"For Network analysis, this condition should be checked against the research design and  variable coding.
The sample must be large enough so that metric stays stable under resampling. This is typically evaluated using the case-dropping subset bootstrap (retained correlation > 0.50, ideally ≥ 0.70)";OK;;;;
Latent / exploratory structure;networkAnalysis;Network analysis;networkAnalysis.no_causal_interpretation_without_a_suitable_design;No causal interpretation without a suitable design;The statistical model alone does not establish causality. Causal interpretation requires design support such as randomization, temporal ordering, strong theory, careful confounder control, and sensitivity analysis.;OK;;;;
ANOVA / covariance models;nonparametricTwoWayAnova;Nonparametric factorial ANOVA (ART);nonparametricTwoWayAnova.two_or_more_categorical_independent_factors;Two or more categorical independent factors;Categories should be mutually exclusive and coded consistently. Check that each case belongs to the intended category.;OK;;;;
ANOVA / covariance models;nonparametricTwoWayAnova;Nonparametric factorial ANOVA (ART);nonparametricTwoWayAnova.at_least_ordinal_outcome;At least ordinal outcome;The values must at least have a meaningful order. The exact distance between adjacent response categories does not need to be equal.;OK;;;;
ANOVA / covariance models;nonparametricTwoWayAnova;Nonparametric factorial ANOVA (ART);nonparametricTwoWayAnova.independent_observations;Independent observations;One observation should not determine or duplicate another. Repeated measurements, matched pairs, team membership, classrooms, clinics, studies from the same lab, or multiple rows per person can violate this assumption.;OK;;;;
ANOVA / covariance models;nonparametricTwoWayAnova;Nonparametric factorial ANOVA (ART);nonparametricTwoWayAnova.interactions_tested_on_rank_transformed_data;Interactions tested on rank-transformed data;For Nonparametric factorial ANOVA (ART), this condition should be checked against the research design, variable coding, descriptive statistics, and diagnostic plots before relying on the result.;OK;;;;
ANOVA / covariance models;nonparametricTwoWayRepeatedAnova;Nonparametric factorial repeated-measures ANOVA (ART);nonparametricTwoWayRepeatedAnova.at_least_one_repeated_measures_factor;At least one repeated-measures factor;For Nonparametric factorial repeated-measures ANOVA (ART), this condition should be checked against the research design and variable coding.;OK;;;;
ANOVA / covariance models;nonparametricTwoWayRepeatedAnova;Nonparametric factorial repeated-measures ANOVA (ART);nonparametricTwoWayRepeatedAnova.at_least_ordinal_outcome;At least ordinal outcome;The values must at least have a meaningful order. The exact distance between adjacent response categories does not need to be equal,;OK;;;;
ANOVA / covariance models;nonparametricTwoWayRepeatedAnova;Nonparametric factorial repeated-measures ANOVA (ART);nonparametricTwoWayRepeatedAnova.same_cases_in_paired_conditions;Same cases in paired conditions;Measurements must be correctly linked within the same person, object, team, study, or matched pair. The analysis uses these links, so missing or incorrectly matched rows can change both the estimate and the standard error.;OK;;;;
ANOVA / covariance models;nonparametricTwoWayRepeatedAnova;Nonparametric factorial repeated-measures ANOVA (ART);nonparametricTwoWayRepeatedAnova.interactions_tested_on_rank_transformed_data;Interactions tested on rank-transformed data;For Nonparametric factorial repeated-measures ANOVA (ART), Aligned Rank Transform  isolate the interaction effect before ranking.;OK;;;;
Meta-analysis;metaOddsRatioAnalysis;Odds-ratio meta-analysis;metaOddsRatioAnalysis.several_independent_studies;Several independent studies;One observation should not determine or duplicate another unless the method explicitly models that dependence. Several dependant variables from the same study can violate this assumption.;OK;;;;
Meta-analysis;metaOddsRatioAnalysis;Odds-ratio meta-analysis;metaOddsRatioAnalysis.events_and_total_sample_size_available_for_each_group;Events and total sample size available for each group;"There should be enough information for the model or test to estimate effects reliably. Consider the number of groups, predictors, parameters, events, clusters, and studies rather than only the total N.
Determine how many effect sizes are adequate according to the research objective.";OK;;;;
Meta-analysis;metaOddsRatioAnalysis;Odds-ratio meta-analysis;metaOddsRatioAnalysis.moderator_and_study_label_can_be_added;Moderator and Study Label can be added;"For Odds-ratio meta-analysis, this condition should be checked against the research design and variable coding.
Define beforehand the moderatos and comparisons of interest.";OK;;;;
Meta-analysis;metaOddsRatioAnalysis;Odds-ratio meta-analysis;metaOddsRatioAnalysis.select_fixed_random_effects_moderator_analyses_and_publica;Select fixed or random effects, moderator analyses, and publication-bias checks in the model options;"Select fixed effect  if the data contain grouping structures such as repeated measures within participants or athletes within teams. Select random-effect if heterogenity in the studies is expected.
Always report heterogenity indices and several publications bias methods.";OK;;;;
Mean / median / variance tests;oneSampleT;One-sample t-test;oneSampleT.metric_variable;Metric variable;The variable should be quantitative enough that means are meaningful. Check the scale, units, plausible range, and whether strong floor or ceiling effects make a metric interpretation questionable.;OK;;;;
Mean / median / variance tests;oneSampleT;One-sample t-test;oneSampleT.independent_observations;Independent observations;One observation should not determine or duplicate another.;OK;;;;
Mean / median / variance tests;oneSampleT;One-sample t-test;oneSampleT.approximate_normal_distribution;Approximate normal distribution;The relevant distribution should be approximately normal. ;OK;;;;
Mean / median / variance tests;oneSampleWilcoxon;One-sample Wilcoxon signed-rank test;oneSampleWilcoxon.at_least_ordinal_data;At least ordinal data;The values must at least have a meaningful order. The exact distance between adjacent response categories does not need to be equal, which is why rank-based or ordinal models can be more appropriate than mean-based tests.;OK;;;;
Mean / median / variance tests;oneSampleWilcoxon;One-sample Wilcoxon signed-rank test;oneSampleWilcoxon.symmetric_differences_helpful;Symmetric differences helpful;"For One-sample Wilcoxon signed-rank test, this condition should be checked against diagnostic plots before relying on the result.
If the data is skewed, positive and negative deviations will not cancel each other out properly, invalidating the test statistic's distribution";OK;;;;
Mean / median / variance tests;oneSampleWilcoxon;One-sample Wilcoxon signed-rank test;oneSampleWilcoxon.independent_observations;Independent observations;One observation should not determine or duplicate another.;OK;;;;
Other;oneSampleZ;One-sample z-test;oneSampleZ.metric_variable;Metric variable;The variable should be quantitative enough. Check the scale, units, plausible range, and whether strong floor or ceiling effects make a metric interpretation questionable.;OK;;;;
Other;oneSampleZ;One-sample z-test;oneSampleZ.independent_observations;Independent observations;One observation should not determine or duplicate.;OK;;;;
Other;oneSampleZ;One-sample z-test;oneSampleZ.known_population_standard_deviation_or_variance;Known population standard deviation or variance;Each group should provide a comparable effect estimate and a valid measure of uncertainty.;OK;;;;
Other;oneSampleZ;One-sample z-test;oneSampleZ.normal_population_or_sufficiently_large_sample;Normal population or sufficiently large sample;The relevant distribution should be approximately normal, usually within groups. Inspect histograms, Q-Q plots,  and outliers;OK;;;;
ANOVA / covariance models;anova;One-way ANOVA;anova.independent_groups;Independent groups;One observation should not determine or duplicate another unless the method explicitly models that dependence. Repeated measurements, matched pairs, team membership, classrooms, clinics, studies from the same lab, or multiple rows per person can violate this assumption.;OK;;;;
ANOVA / covariance models;anova;One-way ANOVA;anova.metric_outcome_variable;Metric outcome variable;The variable should be quantitative enough that means are meaningful. Check the scale, units, plausible range, and whether strong floor or ceiling effects make a metric interpretation questionable.;OK;;;;
ANOVA / covariance models;anova;One-way ANOVA;anova.normality_within_groups;Normality within groups;"The relevant distribution should be approximately normal, usually within groups. Inspect histograms, Q-Q plots, and outliers.
Perform normality test";OK;;;;
ANOVA / covariance models;anova;One-way ANOVA;anova.homogeneity_of_variances;Homogeneity of variances;Groups or fitted values should show roughly comparable variability. Use residual plots, group standard deviations, Levene-type checks, or robust/Welch alternatives when variability differs strongly.;OK;;;;
Mixed models;ordinalMixedModel;Ordinal mixed model;ordinalMixedModel.ordinal_dependent_variable;Ordinal dependent variable;The values must at least have a meaningful order. The exact distance between adjacent response categories does not need to be equal.;OK;;;;
Mixed models;ordinalMixedModel;Ordinal mixed model;ordinalMixedModel.repeated_or_clustered_observations;Repeated or clustered observations;The data contain grouping structures such as repeated measures within participants or athletes within teams. The random-effect structure should match the design question and should be supported by enough observations per groups.;OK;;;;
Mixed models;ordinalMixedModel;Ordinal mixed model;ordinalMixedModel.check_proportional_odds_assumption;Check proportional-odds assumption;The relation between predictors and the cumulative odds should be approximately constant across thresholds. If this is not plausible, consider partial proportional-odds or multinomial models.;OK;;;;
Mixed models;ordinalMixedModel;Ordinal mixed model;ordinalMixedModel.random_effects_are_theoretically_justified;Random effects are theoretically justified;The data contain grouping structures such as repeated measures within participants, groups or athletes within teams. The random-effect structure should match the design question and should be supported by enough clusters and observations per cluster.;OK;;;;
Mean / median / variance tests;pairedT;Paired-samples t-test;pairedT.two_paired_measurements;Two paired measurements;Measurements must be correctly linked within the same person, object, team, study, or matched pair. The analysis uses these links, so missing or incorrectly matched rows can change both the estimate and the standard error.;OK;;;;
Mean / median / variance tests;pairedT;Paired-samples t-test;pairedT.metric_difference_scores;Metric difference scores;For Paired-samples t-test, It converts paired data into a single column of difference scores and tests whether the mean of these differences is significantly different from zero.;OK;;;;
Mean / median / variance tests;pairedT;Paired-samples t-test;pairedT.approximate_normality_of_differences;Approximate normality of differences;The relevant distribution should be approximately normal, usually within groups. Inspect histograms, Q-Q plots, and perform normality tests.;OK;;;;
Latent / exploratory structure;pathAnalysis;Path analysis (mediation);pathAnalysis.all_variables_are_observed_measurable;All variables are observed/measurable;"For Path analysis (mediation), this condition should be checked against the research design and variable coding.
 All variables are manifest (directly measurable items)";OK;;;;
Latent / exploratory structure;pathAnalysis;Path analysis (mediation);pathAnalysis.theoretically_justified_path_direction;Theoretically justified path direction;The model structure or hypothesis should be motivated before looking at the result. Document why paths were chosen.;OK;;;;
Latent / exploratory structure;pathAnalysis;Path analysis (mediation);pathAnalysis.linear_relationships;Linear relationships;The association should be adequately described by a straight-line relation on the model scale. ;OK;;;;
Latent / exploratory structure;pathAnalysis;Path analysis (mediation);pathAnalysis.adequate_sample_size;Adequate sample size;There should be enough information for the model or test to estimate effects reliably. Consider the number of predictors and parameters.;OK;;;;
Latent / exploratory structure;pathAnalysis;Path analysis (mediation);pathAnalysis.causal_interpretation_only_with_a_suitable_design;Causal interpretation only with a suitable design;The statistical model alone does not establish causality. Causal interpretation requires design support such as randomization, temporal ordering, strong theory, careful confounder control, and sensitivity analysis.;OK;;;;
Association / frequency tests;chiSquareGoodness;Pearson chi-square goodness-of-fit test;chiSquareGoodness.multilevel_categorical_variable;Multilevel categorical variable;Categories should be mutually exclusive and coded consistently. Check that each case belongs to the intended category, that reference categories are meaningful when models require them, and that sparse categories are not driving unstable estimates.;OK;;;;
Association / frequency tests;chiSquareGoodness;Pearson chi-square goodness-of-fit test;chiSquareGoodness.expected_frequencies_or_proportions_are_defined;Expected frequencies or proportions are defined;Expected frequencies should be large enough for asymptotic approximations to work. If many expected cells are small, combine substantively similar categories, use an exact test where available.;OK;;;;
Association / frequency tests;chiSquareGoodness;Pearson chi-square goodness-of-fit test;chiSquareGoodness.independent_observations;Independent observations;One observation should not determine or duplicate another unless the method explicitly models that dependence. Repeated measurements, matched pairs, team membership, classrooms, clinics, studies from the same lab, or multiple rows per person can violate this assumption.;OK;;;;
Association / frequency tests;chiSquareGoodness;Pearson chi-square goodness-of-fit test;chiSquareGoodness.sufficient_expected_counts_per_category;Sufficient expected counts per category;If many expected cells are small, combine substantively similar categories, use an exact test where available, or choose a model designed for sparse counts.;OK;;;;
Association / frequency tests;pearson;Pearson correlation;pearson.metric_variables;Metric variables;The variable should be quantitative enough that means, variances, distances, or linear model coefficients are meaningful. Check the scale, units, plausible range, and whether strong floor or ceiling effects make a metric interpretation questionable.;OK;;;;
Association / frequency tests;pearson;Pearson correlation;pearson.linear_relationship;Linear relationship;The association should be adequately described by a straight-line relation on the model scale. Scatterplots, partial residual plots, and fitted-vs-residual plots help detect curvature or threshold patterns.;OK;;;;
Association / frequency tests;pearson;Pearson correlation;pearson.no_dominant_outliers;No dominant outliers;A few extreme or influential observations should not dominate the result. Inspect raw data, scatterplots, standardized residuals, leverage, and influence diagnostics before deciding whether values are errors, legitimate extremes, or reasons to use robust methods.;OK;;;;
Association / frequency tests;pearson;Pearson correlation;pearson.for_inference_approximate_bivariate_normality;For inference: approximate bivariate normality; It does not assume that the data are normally distributed for its calculation, but the assumption of bivariate normality is necessary to make statistical inferences;OK;;;;
Latent / exploratory structure;principalComponentAnalysis;Principal component analysis (PCA);principalComponentAnalysis.several_metric_or_approximately_metric_variables;Several metric or approximately metric variables;The variable should be quantitative enough that means, variances, distances, or linear model coefficients are meaningful. Check the scale, units, plausible range, and whether strong floor or ceiling effects make a metric interpretation questionable.;OK;;;;
Latent / exploratory structure;principalComponentAnalysis;Principal component analysis (PCA);principalComponentAnalysis.meaningful_correlations_among_variables;Meaningful correlations among variables;"Variables should share enough common information for dimension reduction or latent structure to be meaningful. Very weak correlations suggest little shared structure
Bartlett's test of sphericity evaluates if your correlation matrix is an identity matrix";OK;;;;
Latent / exploratory structure;principalComponentAnalysis;Principal component analysis (PCA);principalComponentAnalysis.standardise_variables_on_different_scales;Standardise variables on different scales;Put predictors on comparable scales before distance-based or component-based methods when units differ. Otherwise variables with larger numeric ranges can dominate the result.;OK;;;;
Latent / exploratory structure;principalComponentAnalysis;Principal component analysis (PCA);principalComponentAnalysis.common_variance;Common variance among variables;The Kaiser-Meyer-Olkin (KMO) measure evaluates if your data is suited for Factor Analysis. It computes the proportion of common variance among variables. Scores range from 0 to 1: values above 0.80 are meritorious, while scores below 0.50 mean the data is unacceptable for dimension reduction.;OK;;;;
Latent / exploratory structure;principalComponentAnalysis;Principal component analysis (PCA);principalComponentAnalysis.choose_components_by_explained_variance_and_interpretabili;Choose components by explained variance and interpretability;Each study should provide a comparable effect estimate and a valid measure of uncertainty. Check coding direction, scale, transformation, and whether all studies use the same effect-size metric.;OK;;;;
Meta-analysis;metaProportionAnalysis;Proportion meta-analysis;metaProportionAnalysis.event_frequency_count_available_for_each_study;Event frequency/count available for each study;"For Proportion meta-analysis, this condition should be checked against the research design and variable coding.
Formally, with only two studies is already possible to perform the analysis, but consider the total amount of studies on the field and their relevance for the research question.";OK;;;;
Meta-analysis;metaProportionAnalysis;Proportion meta-analysis;metaProportionAnalysis.total_sample_size_available_for_each_study;Total sample size available for each study;"There should be enough information for the model or test to estimate effects reliably. Consider the number of groups, and parameters rather than only the total N.
";OK;;;;
Meta-analysis;metaProportionAnalysis;Proportion meta-analysis;metaProportionAnalysis.moderator_and_study_label_can_be_added;"Moderator and Study Label can be added.
";"For Proportion meta-analysis, this condition should be checked against the research design, variable coding, descriptive statistics, before relying on the result.
Justify in advance the moderators included in the analysis. The should be theoretically justified.";OK;;;;
Meta-analysis;metaProportionAnalysis;Proportion meta-analysis;metaProportionAnalysis.select_fixed_random_effects_moderator_analyses_and_publica;"Select fixed/random effects, moderator analyses, and publication-bias checks in the model options.
";"Select fixed effect  if the data contain grouping structures such as repeated measures within participants or athletes within teams. Select random-effect if heterogenity in the studies is expected.
Always report heterogenity indices and several publications bias methods, as they rely on different assumptions.";OK;;;;
Machine learning / exploratory grouping;randomForestClassifier;Random forest classifier;randomForestClassifier.categorical_outcome_variable;Categorical outcome variable;Categories should be mutually exclusive and coded consistently. Check that each case belongs to the intended category, that reference categories are meaningful when models require them, and that sparse categories are not driving unstable estimates.;OK;;;;
Machine learning / exploratory grouping;randomForestClassifier;Random forest classifier;randomForestClassifier.adequate_sample_size;Adequate sample size;"There should be enough information for the model or test to estimate effects reliably. Consider the number of predictors, parameters, events, clusters rather than only the total N.
When in doubt, select the appropriate sample size (and other model parameters) using cross-validation.";OK;;;;
Machine learning / exploratory grouping;randomForestClassifier;Random forest classifier;randomForestClassifier.validation_on_unseen_data;Validation on unseen data;Evaluate predictive models on data not used to fit them. Use train/test splits, cross-validation, or external validation and report metrics that match the outcome and class balance.;OK;;;;
Machine learning / exploratory grouping;randomForestClassifier;Random forest classifier;randomForestClassifier.handle_class_imbalance;Handle class imbalance;Check whether outcome classes are rare or unevenly distributed. Accuracy alone can be misleading;OK;;;;
Regression / prediction models;randomForestRegression;Random forest regression;randomForestRegression.metric_outcome_variable;Metric outcome variable;The variable should be quantitative enough that means, variances, distances, or linear model coefficients are meaningful. Check the scale, units, plausible range, and whether strong floor or ceiling effects make a metric interpretation questionable.;OK;;;;
Regression / prediction models;randomForestRegression;Random forest regression;randomForestRegression.enough_cases_for_training_and_validation;Enough cases for training and validation;Evaluate predictive models on data not used to fit them. Use train/test splits, cross-validation, or external validation and report metrics that match the outcome and class balance.;OK;;;;
Regression / prediction models;randomForestRegression;Random forest regression;randomForestRegression.tune_number_of_trees_and_variables_per_split;Tune number of trees and variables per split;For Random forest regression, limits how many random features each tree can evaluate at any given node. Limiting the options forces the individual trees to be different from one another, which lowers the overall variance of your mode;OK;;;;
Regression / prediction models;randomForestRegression;Random forest regression;randomForestRegression.interpret_with_variable_importance_or_partial_effects;Interpret with variable importance or partial effects;For Random forest regression, Permutation Featurewe can use  Importance / Mean Decrease in Accuracy to estimate how much each input variable contributes to the model's overall predictive performance.;OK;;;;
Meta-analysis;randomEffectsMetaAnalysis;Random-effects meta-analysis;randomEffectsMetaAnalysis.several_independent_studies_or_effect_sizes;Several independent studies or effect sizes;One observation should not determine or duplicate another unless the method explicitly models that dependence (Multivariate meta-analysis). Several outcomes from the same sample size can violate this assumption.;OK;;;;
Meta-analysis;randomEffectsMetaAnalysis;Random-effects meta-analysis;randomEffectsMetaAnalysis.effect_size_and_precision_measure_available;Effect size and precision measure available;Each study should provide a comparable effect estimate and a valid measure of uncertainty. Check coding direction, scale, transformation, and whether all studies use the same effect-size metric.;OK;;;;
Meta-analysis;randomEffectsMetaAnalysis;Random-effects meta-analysis;randomEffectsMetaAnalysis.between_study_variance_is_estimated;Between-study variance is estimated;Each study should provide a comparable effect estimate and a valid measure of uncertainty. ;OK;;;;
Meta-analysis;randomEffectsMetaAnalysis;Random-effects meta-analysis;randomEffectsMetaAnalysis.heterogeneity_is_reported_with_tau2_i2;Heterogeneity is reported with tau2/I2;"Effects may differ across studies or subgroups. Report heterogeneity statistics and interpret them together with study design.
Heterogenity can be assessed with Cochran’s Q to test whether the true effect size differs between the studies, Thompson’s I2 to assess the proportion of total variability due to between-study heterogeneity, and tau-squared (τ2) as estimate of the variance of the underlying distribution of true effect sizes";OK;;;;
ANOVA / covariance models;repeatedAnova;Repeated-measures ANOVA;repeatedAnova.repeated_measurements;Repeated measurements;Measurements must be correctly linked within the same person, object, team, study, or matched pair. The analysis uses these links, so missing or incorrectly matched rows can change both the estimate and the standard error.;OK;;;;
ANOVA / covariance models;repeatedAnova;Repeated-measures ANOVA;repeatedAnova.metric_outcome_variable;Metric outcome variable;The variable should be quantitative enough that means, variances, distances, or linear model coefficients are meaningful. Check the scale, units, plausible range, and whether strong floor or ceiling effects make a metric interpretation questionable.;OK;;;;
ANOVA / covariance models;repeatedAnova;Repeated-measures ANOVA;repeatedAnova.sphericity_or_suitable_correction;Sphericity or suitable correction;For repeated-measures factors with more than two levels, the variances of the pairwise differences should be similar. If this is doubtful, report a correction such as Greenhouse-Geisser or use a mixed-model approach.;OK;;;;
Association / frequency tests;spearman;Spearman rank correlation;spearman.at_least_ordinal_scale_level;At least ordinal scale level;The values must at least have a meaningful order. The exact distance between adjacent response categories does not need to be equal.;OK;;;;
Association / frequency tests;spearman;Spearman rank correlation;spearman.monotonic_relationship;Monotonic relationship;As one variable increases, the other should tend to move consistently upward or downward, even if the relation is not linear. A scatterplot or rank plot is usually the clearest check.;OK;;;;
Association / frequency tests;spearman;Spearman rank correlation;spearman.independent_observations;Independent observations;One observation should not determine or duplicate another. Repeated measurements, matched pairs, team membership, classrooms, clinics, studies from the same lab, or multiple rows per person can violate this assumption.;OK;;;;
Latent / exploratory structure;structuralEquationModeling;Structural equation modeling (SEM);structuralEquationModeling.latent_constructs_measured_by_multiple_indicators;Latent constructs measured by multiple indicators;"For Structural equation modeling (SEM), this condition should be checked against the research design and variable coding, before relying on the result.
For example, concepts that cannot be directly measured (e.g., depression, fatigue) are captured accurately by combining several imperfect indicators.";OK;;;;
Latent / exploratory structure;structuralEquationModeling;Structural equation modeling (SEM);structuralEquationModeling.theoretically_justified_measurement_and_structural_model;Theoretically justified measurement and structural model;The model structure or hypothesis should be motivated before looking at the result. Document why paths, factors, covariates, subgroups, or expected proportions were chosen.;OK;;;;
Latent / exploratory structure;structuralEquationModeling;Structural equation modeling (SEM);structuralEquationModeling.adequate_sample_size;Adequate sample size;"There should be enough information for the model or test to estimate effects reliably. Consider the number of groups, predictors, parameters, events, clusters, and studies rather than only the total N.
Common guidelines suggest 5 to 20 observations per estimated parameter, or 10 cases per indicator variable, althought it depends on the model complexity.";OK;;;;
Latent / exploratory structure;structuralEquationModeling;Structural equation modeling (SEM);structuralEquationModeling.model_fit_and_alternative_models_should_be_evaluated;Model fit and alternative models should be evaluated;Evaluate global fit, local residuals, parameter estimates, and theoretically plausible alternatives. A statistically acceptable fit does not by itself make the model substantively correct.;OK;;;;
Mean / median / variance tests;wilcoxon;Wilcoxon signed-rank test;wilcoxon.two_paired_measurements;Two paired measurements;Measurements must be correctly linked within the same person, object, team, study, or matched pair. The analysis uses these links, so missing or incorrectly matched rows can change both the estimate and the standard error.;OK;;;;
Mean / median / variance tests;wilcoxon;Wilcoxon signed-rank test;wilcoxon.at_least_ordinal_values;At least ordinal values;The values must at least have a meaningful order. The exact distance between adjacent response categories does not need to be equal, which is why rank-based or ordinal models can be more appropriate than mean-based tests.;OK;;;;